{"cameraMode":{"drawMode":0,"name":"Shaded","section":"Shading Mode"},"sceneLighting":true,"audioPlay":false,"sceneViewState":{"showFog":true,"showMaterialUpdate":true,"showSkybox":true,"showFlares":true,"showImageEffects":true,"showParticleSystems":true},"in2DMode":false,"pivot":{"x":16.607128143310548,"y":-0.07872916758060456,"z":-2.25},"rotation":{"x":-0.031121565029025079,"y":0.9565969705581665,"z":-0.11128120124340058,"w":-0.26752790808677676},"size":2.038179636001587,"orthographic":false}